1	Kerrin Bernon	kbernon0@bluehost.com	Male	RS
2	Arden Odam	aodam1@github.com	Male	BF
3	Onfroi Mapes	omapes2@google.co.uk	Male	PT
4	Kalina Sholl	ksholl3@friendfeed.com	Male	ID
5	Rebbecca Radish	rradish4@slate.com	Female	FR
6	Glyn Catterall	gcatterall5@exblog.jp	Female	SE
7	Germain Faltin	gfaltin6@msu.edu	Female	JP
8	Karl Billitteri	kbillitteri7@dailymotion.com	Female	ID
9	Chaim Lattin	clattin8@army.mil	Female	SE
10	Jasmine Hachard	jhachard9@go.com	Male	PL
11	Verile Coaster	vcoastera@ftc.gov	Male	CZ
12	Orsola O'Kennavain	ookennavainb@plala.or.jp	Female	CN
13	Anne-corinne Britnell	abritnellc@cyberchimps.com	Female	PH
14	Binny Sigg	bsiggd@tripadvisor.com	Male	PH
15	Ame Quoit	aquoite@imgur.com	Male	ID
16	Raina Kinkaid	rkinkaidf@washingtonpost.com	Female	BR
17	Thibaud Darrigoe	tdarrigoeg@tiny.cc	Male	TJ
18	Othelia Hakewell	ohakewellh@freewebs.com	Female	BY
19	Sherman McDonogh	smcdonoghi@odnoklassniki.ru	Male	IL
20	Sergio Burde	sburdej@globo.com	Male	PL
21	Boniface O'Hengerty	bohengertyk@miibeian.gov.cn	Male	CN
22	Edy Volker	evolkerl@si.edu	Male	GT
23	Candra Hryskiewicz	chryskiewiczm@icio.us	Female	KR
24	Marjorie Temple	mtemplen@bloomberg.com	Male	PT
25	Abe Vyse	avyseo@de.vu	Female	KZ
26	Alonso Luno	alunop@slashdot.org	Female	AF
27	Waldo Feronet	wferonetq@washington.edu	Male	TJ
28	Carlyle Gilberthorpe	cgilberthorper@bing.com	Female	PL
29	Raff Cassimer	rcassimers@state.gov	Male	BY
30	Baillie Moxon	bmoxont@fda.gov	Female	HR
31	Rodolph Wegman	rwegmanu@cafepress.com	Male	RU
32	Chicky Rice	cricev@yahoo.co.jp	Female	UA
33	Jori Grimmer	jgrimmerw@wsj.com	Male	ID
34	Evangelia Kubatsch	ekubatschx@fc2.com	Female	CO
35	Iorgos Parlot	iparloty@moonfruit.com	Female	RU
36	Maribelle Edes	medesz@mayoclinic.com	Female	CO
37	Pansy Willas	pwillas10@mozilla.org	Female	PH
38	Cirilo Watting	cwatting11@flickr.com	Male	UA
39	Benyamin Jarrold	bjarrold12@geocities.jp	Male	US
40	Phelia Wickmann	pwickmann13@prweb.com	Female	CA
41	Merle Cohalan	mcohalan14@dyndns.org	Male	RU
42	Rosana Guion	rguion15@liveinternet.ru	Female	PH
43	Madelaine Coltman	mcoltman16@cocolog-nifty.com	Male	BR
44	Jsandye Corragan	jcorragan17@wikispaces.com	Male	BW
45	Dreddy Dimont	ddimont18@ed.gov	Female	CN
46	Blondelle Keri	bkeri19@bbc.co.uk	Female	EG
47	Bartholomeus Cayet	bcayet1a@jugem.jp	Female	DO
48	Dominique Bashford	dbashford1b@admin.ch	Male	CN
49	Linzy Almon	lalmon1c@usda.gov	Female	US
50	Mamie Jablonski	mjablonski1d@google.com.br	Male	CN
51	Hillie Gascar	hgascar1e@netlog.com	Male	CN
52	Drusilla Harnwell	dharnwell1f@economist.com	Male	CN
53	Nikola Heinritz	nheinritz1g@gizmodo.com	Male	US
54	Chelsie Stranger	cstranger1h@huffingtonpost.com	Male	BR
55	Alyce Rake	arake1i@ucoz.ru	Female	US
56	Johnathon Merit	jmerit1j@domainmarket.com	Female	BR
57	Cheryl Grove	cgrove1k@myspace.com	Female	TZ
58	Edee Cadany	ecadany1l@photobucket.com	Female	VN
59	Donn Rotlauf	drotlauf1m@privacy.gov.au	Male	AR
60	Ulrikaumeko Crowcher	ucrowcher1n@1und1.de	Male	ID
61	Julianna Dorsey	jdorsey1o@jalbum.net	Female	FR
62	Rickie Sikorski	rsikorski1p@unicef.org	Male	SE
63	Fidelity Kleinhandler	fkleinhandler1q@zimbio.com	Male	ID
64	Cyndia Emloch	cemloch1r@cornell.edu	Female	CN
65	Lombard Cheales	lcheales1s@goo.ne.jp	Male	KZ
66	Lindi Ashfold	lashfold1t@shareasale.com	Female	ID
67	Gard Biddlestone	gbiddlestone1u@jigsy.com	Male	CO
68	Viviyan Iacapucci	viacapucci1v@nationalgeographic.com	Male	RU
69	Blinnie Farrah	bfarrah1w@jigsy.com	Male	RU
70	Federica Nicholl	fnicholl1x@oaic.gov.au	Male	CZ
71	Sharia Moyers	smoyers1y@usnews.com	Male	PH
72	Lorrayne Othen	lothen1z@shop-pro.jp	Female	TN
73	Hillary Penwright	hpenwright20@sourceforge.net	Female	MM
74	Brandice Farfoot	bfarfoot21@imgur.com	Male	NP
75	Carol Furlong	cfurlong22@psu.edu	Female	ID
76	Hamil Hirche	hhirche23@xrea.com	Female	RU
77	Kiah De Francesco	kde24@cam.ac.uk	Female	ID
78	Natalina Sherrell	nsherrell25@ask.com	Male	UA
79	Kali Mummery	kmummery26@de.vu	Male	JO
80	Conroy Tiner	ctiner27@nsw.gov.au	Male	TH
81	Demetra Blacklawe	dblacklawe28@princeton.edu	Male	GR
82	Kim Filipowicz	kfilipowicz29@symantec.com	Male	SE
83	Mariel Russell	mrussell2a@godaddy.com	Male	CN
84	Duncan Hollyer	dhollyer2b@gmpg.org	Female	BD
85	Samson Danielczyk	sdanielczyk2c@surveymonkey.com	Male	JP
86	Delia Kolakovic	dkolakovic2d@boston.com	Male	MN
87	Samara Dudek	sdudek2e@nature.com	Male	PH
88	Valentine Corness	vcorness2f@accuweather.com	Female	BR
89	Hallsy Bingell	hbingell2g@edublogs.org	Female	PT
90	Fleurette Mirfield	fmirfield2h@constantcontact.com	Female	SE
91	Cyndia Rushman	crushman2i@buzzfeed.com	Male	PL
92	Koren Broad	kbroad2j@ifeng.com	Male	CN
93	Justin Diggles	jdiggles2k@yahoo.com	Female	CO
94	James Chipp	jchipp2l@cnet.com	Male	CN
95	Laryssa Lorryman	llorryman2m@google.com	Female	CN
96	Sigismond Newdick	snewdick2n@columbia.edu	Female	SE
97	Lalo Hardage	lhardage2o@arizona.edu	Male	US
98	Marietta Chandlar	mchandlar2p@yolasite.com	Male	CO
99	Frederique Durant	fdurant2q@histats.com	Female	CN
100	Milzie Stout	mstout2r@usda.gov	Male	CU
101	Willey Bumpas	wbumpas2s@amazon.co.jp	Male	KH
102	Bronnie Shiel	bshiel2t@bravesites.com	Male	CU
103	Kylila Whye	kwhye2u@va.gov	Male	NG
104	Karoline Fazan	kfazan2v@tumblr.com	Female	FR
105	Andy Dorling	adorling2w@wordpress.com	Male	CN
106	Patricio Richley	prichley2x@i2i.jp	Male	CN
107	Roshelle Titchen	rtitchen2y@seesaa.net	Male	SE
108	Shaughn Ledwich	sledwich2z@yellowbook.com	Female	PE
109	Renee Marquand	rmarquand30@chronoengine.com	Male	PH
110	Roger Bridgestock	rbridgestock31@mayoclinic.com	Female	TH
111	Pietrek McReedy	pmcreedy32@bbc.co.uk	Male	GR
112	Cointon Worsnap	cworsnap33@apple.com	Male	BR
113	Sibylle Maylott	smaylott34@lulu.com	Male	NO
114	Jacquelin McGowran	jmcgowran35@craigslist.org	Male	GR
115	Elysia Reach	ereach36@shinystat.com	Female	SY
116	Estele Davidai	edavidai37@shareasale.com	Male	CN
117	Sebastiano MacPherson	smacpherson38@opera.com	Female	BR
118	Mia Cartmel	mcartmel39@msn.com	Female	AR
119	Connie Crisford	ccrisford3a@apache.org	Female	CN
120	Yolanthe Olcot	yolcot3b@yahoo.com	Female	ID
121	Essy Falco	efalco3c@nps.gov	Female	GU
122	Daren Tivnan	dtivnan3d@boston.com	Male	BR
123	Forbes Aleksankin	faleksankin3e@soundcloud.com	Male	PY
124	Ruby Folkerts	rfolkerts3f@utexas.edu	Female	SE
125	Fulvia Grinnell	fgrinnell3g@pagesperso-orange.fr	Male	CO
126	Rupert Halloran	rhalloran3h@hibu.com	Female	RU
127	Debbie Schultze	dschultze3i@tamu.edu	Male	RU
128	Elsi Welch	ewelch3j@si.edu	Male	HN
129	Rebecka Hullin	rhullin3k@macromedia.com	Male	IS
130	Pippy Kington	pkington3l@w3.org	Female	CN
131	Luciana Cammish	lcammish3m@desdev.cn	Male	CM
132	Delmore Bramall	dbramall3n@parallels.com	Female	MK
133	Norrie Ever	never3o@purevolume.com	Female	FI
134	Zedekiah Vail	zvail3p@youku.com	Male	IE
135	Grace Dunkerly	gdunkerly3q@geocities.jp	Female	FR
136	Lincoln Knowlys	lknowlys3r@miibeian.gov.cn	Female	NP
137	Randolph Kindell	rkindell3s@hubpages.com	Male	CN
138	Lynnet Braden	lbraden3t@1und1.de	Male	CN
139	Jarid Snufflebottom	jsnufflebottom3u@plala.or.jp	Female	CN
140	Louis Vanelli	lvanelli3v@si.edu	Male	CO
141	Hilton Peris	hperis3w@merriam-webster.com	Female	AO
142	Gaylor Forty	gforty3x@newsvine.com	Male	ID
143	Corenda McSporon	cmcsporon3y@mit.edu	Male	MX
144	Ruprecht McKniely	rmckniely3z@desdev.cn	Female	ID
145	Joelie Rennolds	jrennolds40@opensource.org	Female	CN
146	Currie Hunt	chunt41@theatlantic.com	Male	ID
147	Deane Assaf	dassaf42@army.mil	Male	SI
148	Yoshiko Gallemore	ygallemore43@alexa.com	Male	BB
149	Valaria Kabisch	vkabisch44@usa.gov	Female	CN
150	Floria Ahlin	fahlin45@lulu.com	Male	CA
151	Zilvia Dewing	zdewing46@hibu.com	Female	CN
152	Norah Yvon	nyvon47@europa.eu	Male	ID
153	Woodman Womersley	wwomersley48@lycos.com	Male	CN
154	Rori Basketfield	rbasketfield49@columbia.edu	Male	RU
155	Michel Crebott	mcrebott4a@hp.com	Female	ID
156	Josy Isworth	jisworth4b@topsy.com	Male	CN
157	Jerrie Ajean	jajean4c@wix.com	Male	RU
158	Aridatha Riggey	ariggey4d@youtube.com	Male	DO
159	Artemus Weems	aweems4e@yolasite.com	Male	RU
160	Evvy Cardo	ecardo4f@comsenz.com	Male	MX
161	Gannon Orys	gorys4g@marketwatch.com	Male	ZA
162	Lind Korneichik	lkorneichik4h@blogspot.com	Male	ID
163	Kriste Adlard	kadlard4i@wikipedia.org	Male	CN
164	Buckie Basezzi	bbasezzi4j@flickr.com	Male	CN
165	Joscelin Syncke	jsyncke4k@hhs.gov	Male	BR
166	Fredericka Borton	fborton4l@parallels.com	Male	SE
167	Shepperd Hansod	shansod4m@irs.gov	Male	PH
168	Courtenay Upsale	cupsale4n@wikipedia.org	Female	JP
169	Ronny Scranney	rscranney4o@homestead.com	Male	BR
170	Maybelle Camelia	mcamelia4p@phoca.cz	Male	CZ
171	Tasha Flanaghan	tflanaghan4q@arstechnica.com	Female	PH
172	Jeane Tilby	jtilby4r@google.it	Male	PE
173	Kenon Dann	kdann4s@si.edu	Female	CO
174	Alexa O' Hanvey	ao4t@mozilla.com	Female	PT
175	Doretta Murrish	dmurrish4u@dyndns.org	Male	CN
176	Lavena Salazar	lsalazar4v@yale.edu	Female	CN
177	Kacey Tedman	ktedman4w@cafepress.com	Female	RS
178	Marchelle Casiero	mcasiero4x@jalbum.net	Male	RU
179	Isadore Leverington	ileverington4y@census.gov	Male	ID
180	Georgeanne Oldred	goldred4z@yandex.ru	Female	SY
181	Aimee MacAdie	amacadie50@google.com.au	Male	MM
182	Nev Eburah	neburah51@tuttocitta.it	Female	GH
183	Belle Braferton	bbraferton52@dailymotion.com	Female	PL
184	Garret Hulle	ghulle53@nature.com	Female	IE
185	Thedric Rosewall	trosewall54@epa.gov	Female	PE
186	Corrina Trunks	ctrunks55@bravesites.com	Female	ID
187	Leanor Jecks	ljecks56@discovery.com	Male	DO
188	Saidee Pittwood	spittwood57@cyberchimps.com	Male	RU
189	Augustina Schukert	aschukert58@netvibes.com	Female	SE
190	Annissa Ager	aager59@over-blog.com	Female	SY
191	Goldi Gisborne	ggisborne5a@narod.ru	Female	SN
192	Elnore Claasen	eclaasen5b@wikia.com	Female	PL
193	Meggy Ames	mames5c@tripadvisor.com	Male	IL
194	Pearce Dabinett	pdabinett5d@sogou.com	Male	ID
195	Jacobo Eshelby	jeshelby5e@eepurl.com	Male	NG
196	Symon Erswell	serswell5f@blogs.com	Male	ID
197	Ynes Delgaty	ydelgaty5g@webmd.com	Male	FR
198	Koo Kennally	kkennally5h@twitpic.com	Female	RU
199	Blanch McEntee	bmcentee5i@networksolutions.com	Female	NO
200	Aindrea Blackeby	ablackeby5j@businessinsider.com	Male	AR
201	Cosme Hens	chens5k@nasa.gov	Male	NO
202	Nydia Cashmore	ncashmore5l@whitehouse.gov	Male	BR
203	Emerson Dellenbroker	edellenbroker5m@arizona.edu	Female	FR
204	Karita Lowdham	klowdham5n@cornell.edu	Male	RU
205	Fernanda Docwra	fdocwra5o@trellian.com	Male	PE
206	Irita Gait	igait5p@phoca.cz	Male	SE
207	Bryanty Brim	bbrim5q@blogs.com	Female	VE
208	Guillema Fawson	gfawson5r@samsung.com	Female	UA
209	Colline Hannond	channond5s@senate.gov	Male	ID
210	Crin Bartul	cbartul5t@blogtalkradio.com	Male	BR
211	Jesse Krzyzanowski	jkrzyzanowski5u@parallels.com	Female	RU
212	Nicol Remer	nremer5v@mysql.com	Male	CN
213	Milena Tamblingson	mtamblingson5w@oaic.gov.au	Female	CA
214	Albina Teaz	ateaz5x@google.pl	Male	SE
215	Darren Sute	dsute5y@blog.com	Female	VN
216	Giorgio Millott	gmillott5z@nasa.gov	Female	GT
217	Shaina Byrch	sbyrch60@tmall.com	Male	US
218	Magnum Crayk	mcrayk61@taobao.com	Female	CL
219	Claire Dallaghan	cdallaghan62@reference.com	Female	AL
220	Giffie Colecrough	gcolecrough63@com.com	Female	CN
221	Niki Letten	nletten64@rediff.com	Male	KZ
222	Guy Donlon	gdonlon65@mlb.com	Male	PT
223	Clarabelle Purcer	cpurcer66@myspace.com	Male	PH
224	Vinny McQuilty	vmcquilty67@e-recht24.de	Female	RU
225	Reagen Swapp	rswapp68@nature.com	Male	PL
226	Lorianna Cullum	lcullum69@hud.gov	Male	GR
227	Jamison Whimp	jwhimp6a@usnews.com	Male	PL
228	Samaria Callard	scallard6b@ucla.edu	Male	PL
229	Pippy Wilfling	pwilfling6c@simplemachines.org	Female	PL
230	Edythe Jira	ejira6d@toplist.cz	Female	NG
231	Somerset Reason	sreason6e@senate.gov	Male	RU
232	Malvina Husthwaite	mhusthwaite6f@utexas.edu	Male	MZ
233	Rica Pack	rpack6g@vinaora.com	Female	RU
234	Jonie Arnoult	jarnoult6h@sina.com.cn	Male	UA
235	Leeanne Nevison	lnevison6i@lycos.com	Male	IR
236	Giuditta Witchard	gwitchard6j@businesswire.com	Female	BR
237	Gal Heyward	gheyward6k@nydailynews.com	Male	KZ
238	Sheff Falla	sfalla6l@comsenz.com	Male	TH
239	Dorette Martino	dmartino6m@mayoclinic.com	Female	CN
240	Gillian Vowles	gvowles6n@google.nl	Male	CN
241	Aridatha Ghiotto	aghiotto6o@globo.com	Female	MX
242	Konrad Demer	kdemer6p@mediafire.com	Female	CN
243	Elinore Godsil	egodsil6q@typepad.com	Female	CN
244	Ivor O'Flaherty	ioflaherty6r@yale.edu	Male	PL
245	Ase Fetters	afetters6s@gmpg.org	Male	CN
246	Alfred Cowley	acowley6t@sciencedirect.com	Male	CO
247	Phillip Sauven	psauven6u@tuttocitta.it	Male	RU
248	Corrinne Aronowitz	caronowitz6v@flickr.com	Female	CZ
249	Emilio Parchment	eparchment6w@adobe.com	Male	ID
250	Mavis Daton	mdaton6x@alibaba.com	Male	CO
251	Phyllis Fursland	pfursland6y@geocities.com	Female	PT
252	Hermine Lovel	hlovel6z@blog.com	Female	FR
253	Elsi Parlatt	eparlatt70@gov.uk	Male	US
254	Ermina Bullerwell	ebullerwell71@usatoday.com	Female	FR
255	Mikel Bollins	mbollins72@cnet.com	Male	RU
256	Antonia Scheffler	ascheffler73@plala.or.jp	Male	KE
257	Maurice Verdun	mverdun74@php.net	Female	CN
258	Tara Kepp	tkepp75@oakley.com	Female	UA
259	Joey Benyon	jbenyon76@w3.org	Male	KZ
260	Marge Gowthrop	mgowthrop77@economist.com	Male	CN
261	Heidi Cancellario	hcancellario78@fotki.com	Female	PH
262	Lazaro Borthram	lborthram79@tamu.edu	Female	LR
263	Stevy Dowse	sdowse7a@amazon.de	Male	PH
264	Carlyle Sprague	csprague7b@odnoklassniki.ru	Female	TJ
265	Jeanne Halle	jhalle7c@eepurl.com	Male	ID
266	Stinky Witherdon	switherdon7d@webeden.co.uk	Male	RU
267	Merry Denisovich	mdenisovich7e@123-reg.co.uk	Female	MG
268	Julius Sibille	jsibille7f@goodreads.com	Female	TZ
269	Jarret Switsur	jswitsur7g@miitbeian.gov.cn	Male	CN
270	Bronnie MacCoughan	bmaccoughan7h@ox.ac.uk	Male	CN
271	Jinny Blaskett	jblaskett7i@yahoo.com	Male	CN
272	Allin Ash	aash7j@sfgate.com	Male	PH
273	Brenna Franklin	bfranklin7k@harvard.edu	Male	CN
274	Beitris Willimont	bwillimont7l@desdev.cn	Male	SE
275	Faydra Guiduzzi	fguiduzzi7m@who.int	Male	PT
276	Mitch Muckle	mmuckle7n@guardian.co.uk	Male	CN
277	Rosabelle Testro	rtestro7o@reuters.com	Female	BR
278	Clayborn Blackbrough	cblackbrough7p@biblegateway.com	Male	AM
279	Laina Baylie	lbaylie7q@si.edu	Male	RU
280	Raimund Moralee	rmoralee7r@freewebs.com	Male	EG
281	Caspar Wloch	cwloch7s@seattletimes.com	Male	PH
282	Willetta Clemmen	wclemmen7t@wikipedia.org	Male	CO
283	Peria Colville	pcolville7u@boston.com	Male	RU
284	Clarice Somerfield	csomerfield7v@aboutads.info	Female	SE
285	Cally Salters	csalters7w@wikia.com	Female	SE
286	Adrienne Dymick	adymick7x@about.com	Female	TZ
287	Lorraine Feldberger	lfeldberger7y@google.co.uk	Male	CN
288	Frances Dripp	fdripp7z@chron.com	Male	SE
289	Hinda Churchard	hchurchard80@dedecms.com	Male	RU
290	Kev Plak	kplak81@yale.edu	Male	JP
291	Dionis Threlfall	dthrelfall82@clickbank.net	Male	BY
292	Haslett Scorton	hscorton83@noaa.gov	Female	PH
293	Carmita Nassie	cnassie84@123-reg.co.uk	Male	EC
294	Evan Presman	epresman85@about.me	Female	ID
295	Marylee Casterot	mcasterot86@photobucket.com	Female	KP
296	Corinne Moogan	cmoogan87@thetimes.co.uk	Female	UY
297	Elvin Gopsill	egopsill88@bloglines.com	Female	PH
298	Falkner Powelee	fpowelee89@alibaba.com	Male	ID
299	Ber Jeremiah	bjeremiah8a@upenn.edu	Female	CM
300	Larissa Coldtart	lcoldtart8b@ted.com	Female	MA
